Number,Framework Name,Framework Ref ID,Framework URN,Total Controls,Assessable Controls,Description
1,ANSSI - Guide d'hygiène informatique,ANSSI-GUIDE-HYGIENE,urn:intuitem:risk:framework:anssi-guide-hygiene,71,61,Renforcer la sécurité de son système d’information en 42 mesures
2,ANSSI - Guide d'hygiène informatique - version détaillée,ANSSI-GUIDE-HYGIENE-DETAIL,urn:intuitem:risk:framework:anssi-guide-hygiene-detail,259,200,Renforcer la sécurité de son système d’information en 42 mesures Version détaillée  https://cyber.gouv.fr/sites/default/files/2017/01/guide_hygiene_informatique_anssi.pdf
3,ANSSI: RECOMMANDATIONS DE SÉCURITÉ POUR UN SYSTÈME D'IA GÉNÉRATIVE,anssi-genai-security-recommendations-1.0,urn:intuitem:risk:framework:anssi-genai-security-recommendations-1.0,44,35,Ce document a pour objet de donner des recommandations de sécurité sur la mise en oeuvre de solutions d’IA générative reposant sur des LLM au sein d’entités publiques et privées.
4,ANSSI: autoévaluation de gestion de crise cyber,ANSSI-MATURITE-GESTION-CRISE,urn:intuitem:risk:framework:anssi-maturite-gestion-crise-1.0.2,62,57,Basé sur l'outil ANSSI (Excel) d’autoévaluation de gestion de crise cyber
5,Adobe CCF v5,adobe-ccf-v5,urn:intuitem:risk:framework:adobe-ccf-v5,342,317,Adobe Common Controls Framework (CCF) version 5 https://www.adobe.com/trust/compliance/adobe-ccf.html 
6,Agile Security Framework - Baseline,ASF-Baseline,urn:intuitem:risk:framework:asf-baseline-v2,14,14,Quick overview of essential security domains - holistic baseline for custom framework
7,BSI C5 Library,BSI-C5-2020,urn:intuitem:risk:framework:bsi-c5-2020,138,121,Cloud Computing Compliance Criteria Catalogue (C5)
8,Baseline Information Security for Government 2 (BIO2),bio2,urn:intuitem:risk:framework:bio2,120,120,"Baseline Information Security for Government 2 (BIO2) 24 September 2025, version 1.2 final The BIO2 is the successor of the BIO 1.04zv. It is the renewed basic standard for information security within the Dutch government. The BIO2 offers a uniform approach and a common framework of standards for information security within the government, in which risk management is central."
9,CCB CyberFundamentals Framework - 2023-03-01,CCB-CFF-2023-03-01,urn:intuitem:risk:framework:ccb-cff-2023-03-01,350,221,Centre For Cybersecurity Belgium - CyberFundamentals Framework
10,CCB CyberFundamentals Small - Self assessment,cyfun-small-self-assessment,urn:intuitem:risk:framework:cyfun-small-self-assessment,8,8,Centre For Cybersecurity Belgium - CyberFundamentals Framework - Small
11,CIS Kubernetes Benchmark,cis-benchmark-kubernetes,urn:intuitem:risk:framework:cis-benchmark-kubernetes,150,130,CIS Kubernetes Benchmark v1.10.0
12,CISA CPG v2.0,CISA-CPG-2.0,urn:intuitem:risk:framework:cisa-cpg-2.0,40,34,CISA Cross-Sector Cybersecurity Performance Goals 2.0
13,CMMC version 2.0,CMMC-2.0,urn:intuitem:risk:framework:cmmc-2.0,124,110,Cybersecurity Maturity Model Certification (CMMC)
14,CNIL : guide de sécurité des données,cnil-guide-securite,urn:intuitem:risk:framework:cnil-guide-securite,97,72,CNIL : GUIDE PRATIQUE RGPD POUR LA SÉCURITÉ DES DONNÉES PERSONNELLES
15,Cadre de Conformité Cyber France (3CF) pour l'aviation civile - v2,3CF-v2,urn:intuitem:risk:framework:c3cf-v2,607,457,"Ce document, établi par la direction de la sécurité de l'aviation civile (DSAC), présente le Cadre de Conformité Cyber France (3CF) pour l'aviation civile. version 2 du 30 avril 2024 https://meteor.dsac.aviation-civile.gouv.fr/meteor-externe/api/file/attachment/12d47db0-e8a9-4be4-b243-50bd8cc835f1"
16,Cadre de Conformité Cyber France (3CF) pour l'aviation civile.,3CF-ed1-v1,urn:intuitem:risk:framework:c3cf-ed1-v1,428,266,"Ce document, établi par la direction de la sécurité de l'aviation civile (DSAC), présente le Cadre de Conformité Cyber France (3CF) pour l'aviation civile. édition 1, version 1 du 3 sept. 2021"
17,Cahier des Charges Label EBIOS RM v3.1,Cahier-des-Charges-Label-EBIOS-RM-v3.1,urn:intuitem:risk:framework:cahier-des-charges-label-ebios-rm-v3.1,231,190,Ce document a pour but de rassembler les exigences de l’Agence nationale de la sécurité des systèmes d’information (ANSSI) en vue de la labellisation d’un logiciel qui instancie la méthode EBIOS Risk Manager. Il détaille les attentes de l’ANSSI par rapport au projet et décrit les besoins fonctionnels et non fonctionnels. La première partie du document présente le contexte et l’objectif de la labellisation. La seconde décrit les spécifications à respecter pour l’obtention du label EBIOS Risk Mana
18,California Consumer Privacy Act (CCPA),CCPA ACT ,urn:intuitem:risk:framework:ccpa_act,577,225,The California Consumer Privacy Act of 2018 (CCPA) gives consumers more control over the personal information that businesses collect about them and the CCPA regulations provide guidance on how to implement the law. Effective 1/1/2024 – AB 947 and AB 1194 updates https://cppa.ca.gov/regulations/pdf/cppa_act.pdf
19,California Consumer Privacy Act Regulations (CCPA),CCPA Regulations,urn:intuitem:risk:framework:ccpa_regulations,590,425,The California Consumer Privacy Act of 2018 (CCPA) gives consumers more control over the personal information that businesses collect about them and the CCPA regulations provide guidance on how to implement the law. Effective 1/1/2024 – AB 947 and AB 1194 updates https://cppa.ca.gov/regulations/pdf/cppa_regs.pdf
20,Checklist de dossier d'homologation,Checklist de dossier d'homologation,urn:intuitem:risk:framework:checklist-dossier-homologation,19,16,Guide synthétique des livrables requis pour gérer un dossier d'homologation
21,Cisco Cloud Controls Framework (CCF) v3.0,cisco-ccf-v3.0,urn:intuitem:risk:framework:cisco-ccf-v3.0,764,735,"The Cisco CCF is the result of research to determine what is needed to certify and achieve compliance for multiple industry accepted security compliance standards SaaS products. The CCF is purely guidance, and each organization must review, evaluate, and tailor the control framework according to your needs and integrate into your own compliance regime."
22,Clausier Sécurité Santé v2024,Clausier-sante-v2.0.1,urn:ackwa:risk:framework:clausier-sante-v2,152,119,"Clausier de sécurité numérique du Club RSSI Santé (cf. https://www.rssi-sante.fr/clausier-securite-ssi).  Le présent référentiel est le fruit du partenariat entre l’APHM, le Club des RSSI Santé, les centrales UniHA et CAIH. Il a fait l’objet d’une collaboration étroite avec l’Association Française des Ingénieurs Biomédicaux (AFIB) et le réseau des dpo hospitaliers. Il évoluera dans ce cadre pour prendre en compte les besoins de sécurité et les évolutions réglementaires.  Les exigences de sécurit"
23,Cloud Sovereignty Framework,cloud-sovereignty-framework,urn:intuitem:risk:framework:cloud-sovereignty-framework,8,8,Cloud Sovereignty Framework - version 1.2.1 - Oct 2025
24,Controlli Minimi AGID,Controlli-Minimi-AGID,urn:intuitem:risk:framework:controlli-minimi-agid,129,121,Misure minime di sicurezza ICT per le pubbliche amministrazioni. https://www.agid.gov.it/sites/default/files/repository_files/documentazione/misure_minime_di_sicurezza_v.1.0.pdf
25,Criminal Justice Information Services (CJIS) Security Policy,CJIS-POLICY-5.9.4,urn:intuitem:risk:framework:cjis-policy-5.9.4,1852,1482,"The Criminal Justice Information Services (CJIS) Security Policy is a set of standards and guidelines developed by the FBI to help secure criminal justice information (CJI), such as fingerprints, criminal histories, and other data. The policy aims to provide appropriate controls to protect the full lifecycle of CJI, ensuring that it is securely handled, stored, and transmitted."
26,Criminal Justice Information Services (CJIS) Security Policy 5.9.5,CJIS-POLICY-5.9.5,urn:intuitem:risk:framework:cjis-policy-5.9,1962,1567,"The Criminal Justice Information Services (CJIS) Security Policy is a set of standards and guidelines developed by the FBI to help secure criminal justice information (CJI), such as fingerprints, criminal histories, and other data. The policy aims to provide appropriate controls to protect the full lifecycle of CJI, ensuring that it is securely handled, stored, and transmitted."
27,Cyber Assessment Framework,ncsc-caf-3.2,urn:intuitem:risk:framework:ncsc-caf-3.2,241,184,National Cyber Security Centre - Cyber Assessment Framework https://www.ncsc.gov.uk/collection/cyber-assessment-framework
28,Cyber Essentials: Requirements for IT infrastructure v3.1,Cyber Essentials: Requirements for IT infrastructure,urn:intuitem:risk:framework:cyber_essentials_requirements_for_it_infrastructure,285,100,Cyber Essentials is a set of baseline technical controls produced by the UK Government and security industry to help organisations – large and small – improve their cyber security defences and demonstrate a public commitment to their network security and the standards to which they operate.  https://www.ncsc.gov.uk/files/Cyber-Essentials-Requirements-for-Infrastructure-v3-1-January-2023.pdf
29,Cyber Resilience Act - Annexes (CRA),CRA-resolution-annexes,urn:intuitem:risk:framework:cra-resolution-annexes,198,166,Annexes to the REGULATION (EU) 2024/2847 OF THE EUROPEAN PARLIAMENT AND OF THE COUNCIL of 23 October 2024 on horizontal cybersecurity requirements for products with digital elements and amending Regulations (EU) No 168/2013 and (EU) No 2019/1020 and Directive (EU) 2020/1828 (Cyber Resilience Act)
30,Cyber resilience oversight expectations for financial market infrastructures,CROE-for-FMI,urn:intuitem:risk:framework:croe-for-fmi,413,331,"The cyber resilience oversight expectations (CROE) serves the following three key purposes:  (i) it provides FMIs with detailed steps on how to operationalise the Guidance, ensuring they are able to foster improvements and enhance their cyber resilience over a sustained period of time;  (ii) it provides overseers with clear expectations to assess the FMIs for which they are responsible;and  (iii) it provides the basis for a meaningful discussion between the FMIs and their respective overseers.  "
31,CyberFundamentals 2025 (CyFun),cyfun2025,urn:intuitem:risk:framework:ccb-cyfun2025,336,218,"The CyberFundamentals Framework is a framework owned by the Centre for Cybersecurity Belgium (CCB). The Framework is a set of concrete measures and offers a clear, step-by-step approach that helps organisations to: · protect their data, · significantly reduce their risk of the most common cyber-attacks, · and improve their cyber resilience. The requirements, also known as controls or measures, are supported by relevant insights from the NIST Cybersecurity Framework1, ISO 27001/ISO 27002, IEC 624"
32,DE TEKNISKE MINIMUMSKRAV FOR STATSLIGE MYNDIGHEDER,de-tekniske-minimumskrav,urn:intuitem:risk:framework:de-tekniske-minimumskrav,39,29,DE TEKNISKE MINIMUMSKRAV FOR STATSLIGE MYNDIGHEDER https://www.sikkerdigital.dk/myndighed/tekniske-tiltag/tekniske-minimumskrav/tekniske-minimumskrav-2024
33,Digital Operational Resilience Act (DORA),DORA,urn:intuitem:risk:framework:dora,682,260,"REGULATION (EU) 2022/2554 OF THE EUROPEAN PARLIAMENT AND OF THE COUNCIL of 14 December 2022 on digital operational resilience for the financial sector and amending Regulations (EC) No 1060/2009, (EU) No 648/2012, (EU) No 600/2014, (EU) No 909/2014 and (EU) 2016/1011"
34,Directive Nationale de la Sécurité des Systèmes d'Information (MAROC),dnssi-2023-2,urn:intuitem:risk:framework:dnssi-2023-2,149,104,Directive Nationale de la Sécurité des Systèmes d'Information (DNSSI MAROC)
35,E-ITS 2024,e-its-2024,urn:intuitem:risk:framework:e-its-2024,1948,1802,Eesti infoturbestandard tagab avalike ülesannete täitmiseks kasutatavate äriprotsesside ja infosüsteemide kõikehõlmava  https://eits.ria.ee Version 2024
36,ENISA 5G Security Control Matrix v1.3,ENISA 5G SCM v1.3,urn:intuitem:risk:framework:enisa-5g-scm-v1.3,430,399,The main goal of the ENISA 5G security controls matrix is to support the national authorities in the EU Member States with implementing the technical measures of the EU’s 5G Cybersecurity toolbox. Source: https://www.enisa.europa.eu/publications/5g-security-controls-matrix 
37,EU Artificial Intelligence Act,AI Act,urn:intuitem:risk:framework:ai-act,1200,347,"Regulation (EU) 2024/1689 of the European Parliament and of the Council of 13 June 2024 laying down harmonised rules on artificial intelligence and amending Regulations (EC) No 300/2008, (EU) No 167/2013, (EU) No 168/2013, (EU) 2018/858, (EU) 2018/1139 and (EU) 2019/2144 and Directives 2014/90/EU, (EU) 2016/797 and (EU) 2020/1828 (Artificial Intelligence Act)."
38,Esquema Nacional de Seguridad (ENS),ENS,urn:intuitem:risk:framework:esquema-nacional-de-seguridad,1157,430,"El Esquema Nacional de Seguridad (ENS) es el marco normativo que garantiza la protección de la información y los servicios electrónicos en las administraciones públicas de España. Define principios esenciales como confidencialidad, integridad, disponibilidad, trazabilidad y autenticidad. Establece niveles de seguridad según la criticidad de los sistemas, medidas de protección específicas y procedimientos de supervisión y auditoría. Gestionado por el Centro Criptológico Nacional (CCN), su cumplim"
39,Essential Cybersecurity Controls,essential-cybersecurity-controls,urn:intuitem:risk:framework:ecc-1,148,114,Saudi National Cybersecurity Authority framework for essential cybersecurity controls (ECC)
40,Essential Eight Maturity Model (11/2023),Essential Eight,urn:intuitem:risk:framework:essential-eight,157,149,"The Australian Signals Directorate (ASD) has developed prioritised mitigation strategies, in the form of the Strategies to Mitigate Cyber Security Incidents, to help organisations protect themselves against various cyber threats. The most effective of these mitigation strategies are the Essential Eight.  The Essential Eight has been designed to protect organisations’ internet-connected information technology networks. While the principles behind the Essential Eight may be applied to enterprise m"
41,European sustainability reporting standards (ESRS 1/ESRS 2),ESRS 1/ESRS 2,urn:intuitem:risk:framework:esrs_p1,666,467,The Commission adopted today the European Sustainability Reporting Standards (ESRS) for use by all companies subject to the Corporate Sustainability Reporting Directive (CSRD). ESRS 1:General requirements / ESRS 2: General disclosures  Current consolidated version: 22/12/2023 https://eur-lex.europa.eu/legal-content/EN/TXT/PDF/?uri=CELEX:02023R2772-20231222
42,European sustainability reporting standards (ESRS E1/ESRS E2/ESRS E3/ESRS E4/ESRS E5),ESRS E1/ESRS E2/ESRS E3/ESRS E4/ESRS E5,urn:intuitem:risk:framework:esrs_p2,1261,1051,The Commission adopted today the European Sustainability Reporting Standards (ESRS) for use by all companies subject to the Corporate Sustainability Reporting Directive (CSRD). ESRS E1 Climate change-ESRS E2 Pollution-ESRS E3 Water and marine resources-ESRS E4 Biodiversity and ecosystems-ESRS E5 Resource use and circular economy Current consolidated version: 22/12/2023 https://eur-lex.europa.eu/legal-content/EN/TXT/PDF/?uri=CELEX:02023R2772-20231222
43,European sustainability reporting standards (ESRS S1/ESRS S2/ESRS S3/ESRS S4/ESRS G1),ESRS S1/ESRS S2/ESRS S3/ESRS S4/ESRS G1,urn:intuitem:risk:framework:esrs_p3,1117,894,The Commission adopted today the European Sustainability Reporting Standards (ESRS) for use by all companies subject to the Corporate Sustainability Reporting Directive (CSRD). (ESRS S1 Own workforce/ESRS S2 Workers in the value chain/ESRS S3 Affected communities/ESRS S4 Consumers and end-users/ESRS G1 Business conduct) Current consolidated version: 22/12/2023 https://eur-lex.europa.eu/legal-content/EN/TXT/PDF/?uri=CELEX:02023R2772-20231222
44,Exemple de questionnaire dynamique,example-dynamic-questionnaire,urn:intuitem:risk:framework:example-dynamic-questionnaire,6,4,"Exemple simplifié d'un framework illustrant toutes les fonctions récentes des questionnaires dynamiques, y compris le calcul automatique des scores, la logique de dépendance, et la sélection dynamique des Implementation Groups. "
45,FINMA - Circulaire 2023/01 - Risques et résilience opérationnels - Banques,finma-2023-01,urn:intuitem:risk:framework:finma-2023-01,133,89,"Gestion des risques opérationnels et garantie de la résilience opérationnelle Référence :  Circ.-FINMA 23/1 « Risques et résilience opérationnels - banques »  Date :  7 décembre 2022  Entrée en vigueur :  1er janvier 2024  Concordance : remplace la Circ.-FINMA 08/21 « Risques opérationnels - banques » du 20 novembre 2008  Bases légales :  LFINMA, art. 7 al. 1 let. b et 29 al. 1                           LB art. 1b al. 3 let. b, art. 3 al. 2 let. a et 3f                            OB art. 12 et 1"
46,Federal Act on Data Protection ,FADP,urn:intuitem:risk:framework:fadp,280,171,"Federal Act on Data Protection (Data Protection Act, FADP) of 25 September 2020 (Status as of 1 September 2023) by the Federal Assembly of the Swiss Confederation"
47,Formulaire d'évaluation de la maturité - niveau fondamental (DGA),formulaire-d-évaluation-de-la-maturité-niveau-fondamental-dga/ssdi,urn:intuitem:risk:framework:formulaire-sdi-secnum-2216,21,21,"Le ministère des Armées et les 8 grands maîtres d’œuvre industriels ont lancé avec le soutien de l’ANSSI, la définition d’un référentiel de maturité cyber. Ces travaux ont été menés avec l’objectif de simplifier et d’harmoniser les exigences des donneurs d’ordres étatiques et industriels et s’inscrivent dans une démarche progressive d’amélioration du niveau de cybersécurité des entreprises de la BITD. Le premier niveau de ce référentiel, dit niveau fondamental, représente la première marche de c"
48,Framework Nazionale CyberSecurity v2,FNCS-v2,urn:intuitem:risk:framework:fncs-v2,146,117,Framework Nazionale CyberSecurity v2 https://www.cybersecurityframework.it/sites/default/files/framework2/Framework_nazionale_cybersecurity_data_protection.pdf
49,Framework Nazionale per la Cybersecurity e la Data Protection,Framework-Nazionale-C-DP,urn:intuitem:risk:framework:framework-nazionale-c-dp,281,251,"Il Framework Nazionale per la Cybersecurity e la Data Protection, nato nel 2015 da una collaborazione sinergica tra accademia, enti pubblici, e imprese private, e successivamente aggiornato nel 2019 a fronte dei requisiti introdotti da GDPR in merito alla protezione dei dati personali, fornisce uno strumento operativo per organizzare i processi di cybersecurity adatto alle organizzazioni pubbliche e private, di qualunque dimensione. https://www.cybersecurityframework.it/"
50,GDPR checklist for data controllers,GDPR-checklist,urn:intuitem:risk:framework:gdpr-checklist,23,19,GDPR.EU checklist for data controllers  (https://gdpr.eu/checklist/)
51,GL-on-costs-and-losses,GL-on-costs-and-losses,urn:intuitem:risk:framework:gl-on-cost-and-losses,23,12,"Article 11(11) of Regulation 2022/2554 on digital operational resilience for the financial sector (DORA) mandates the European Supervisory Authorities (ESAs), to develop ‘common guidelines on the estimation of aggregated annual costs and losses caused by major ICT-related incidents’. These Guidelines aim at harmonising the estimation by financial entities of their aggregated annual costs and losses caused by major information and communication technology (ICT)-related incidents according to Arti"
52,GSA FedRAMP rev5,GSA-FEDRAMP-rev5,urn:intuitem:risk:framework:fedramp-rev5,428,410,The Federal Risk and Authorization Management Program (FedRAMP) provides a standardized approach to security authorizations for Cloud Service Offerings.
53,General Data Protection Regulation,GDPR,urn:intuitem:risk:framework:gdpr,1090,287,"REGULATION (EU) 2016/679 OF THE EUROPEAN PARLIAMENT AND OF THE COUNCIL of 27 April 2016 on the protection of natural persons with regard to the processing of personal data and on the free movement of such data, and repealing Directive 95/46/EC (General Data Protection Regulation) https://eur-lex.europa.eu/legal-content/EN/TXT/?uri=CELEX:32016R0679"
54,Google SAIF Framework,Google SAIF,urn:intuitem:risk:framework:google-saif,12,12,Google's Secure AI Framework
55,Guides des mécanismes cryptographiques,ANSSI-GUI-MECA-CRYPT,urn:protocolpaladin:risk:framework:anssi-guide-des-mecanismes-cryptographiques,63,34,"Ce document est une évolution des règles et recommandations issues du Référentiel Général de Sécurité, prenant en compte les évolutions récentes de l'état de l'art en cryptographie. Il énonce des règles générales, valables en principe pour tout mécanisme cryptographique, et dont le respect est nécessaire à la sécurité du mécanisme, ainsi que des recommandations correspondant à l'état de l'art d'un point de vue technique. Les règles et recommandations contenues dans ce document sont généralement "
56,HDS v2.0,HDS-v2.0,urn:intuitem:risk:framework:hds-v2023-a,82,71,Référentiel de certification Hébergeur de données de santé (HDS) - Exigences Version publiée par l’arrêté du 26 avril 2024 portant approbation du référentiel d'accréditation des organismes de certification et du référentiel de certification pour l'hébergement de données de santé à caractère personnel.
57,ICT - Minimum standard,ict-minimal,urn:intuitem:risk:framework:ict-minimal,136,108,Minimum standard for improving ICT resilience - Version may 2023
58,IGI n° 1300/SGDSN/PSE/PSD sur la protection du secret de la défense nationale,IGI-1300,urn:intuitem:risk:framework:igi-1300,261,217,Ce document reprend les exigences définies dans l’instruction générale interministérielle n° 1300/SGDSN/PSE/PSD (IGI 1300) publiée par l’arrêté du 9 août 2021 portant approbation de l’instruction générale interministérielle n° 1300 sur la protection du secret de la défense nationale  Le lien du document : https://cyber.gouv.fr/sites/default/files/2022-10/ANSSI-NP-IGI1300-listing_des_exigences-v0.4.xlsx
59,II n°901/SGDSN/ANSSI,II-901,urn:intuitem:risk:framework:igi-901,78,78,Ce document reprend les exigences définies dans l’instruction générale interministérielle n° 1300/SGDSN/PSE/PSD (IGI 1300) publiée par l’arrêté du 9 août 2021 portant approbation de l’instruction générale interministérielle n° 1300 sur la protection du secret de la défense nationale  Le lien du document : https://cyber.gouv.fr/sites/default/files/2021/09/anssi-guide-recommandations_architectures_systemes_information_sensibles_ou_diffusion_restreinte-liste_verifications-v1.0-1.xlsx
60,ISO 22301:2019 — Business continuity management systems — Requirements outline,iso22301-2019,urn:intuitem:risk:framework:iso22301-2019,64,46,Outline of ISO 22301:2019 -  Security and resilience — Business continuity management systems — Requirements. You can purchase the standard for full details.
61,ISO 42001-2023 — Artificial intelligence  — Requirements and Controls outline,iso42001-2023,urn:intuitem:risk:framework:iso42001-2023,88,67,Outline of ISO 42001-2023 -  Artificial intelligence Management system with Appendix A for reference controls. You can purchase the standard for full details.
62,IT-Grundschutz-Kompendium – Werkzeug für Informationssicherheit - APP: Anwendungen,bs-it-gs-2023-app-anwendungen,urn:intuitem:risk:framework:bs-it-gs-2023-app-anwendungen,1543,1222,"Das IT-Grundschutz-Kompendium ist die grundlegende Veröffentlichung des IT-Grundschutzes. Zusammen mit den BSI-Standards bildet es die Basis für alle, die sich umfassend mit dem Thema Informationssicherheit befassen möchten."
63,IT-Grundschutz-Kompendium – Werkzeug für Informationssicherheit - CON: Konzeption und Vorgehensweisen,bs-it-gs-2023-con-konzeption-und-vorgehensweisen,urn:intuitem:risk:framework:bs-it-gs-2023-con-konzeption-und-vorgehensweisen,681,558,"Das IT-Grundschutz-Kompendium ist die grundlegende Veröffentlichung des IT-Grundschutzes. Zusammen mit den BSI-Standards bildet es die Basis für alle, die sich umfassend mit dem Thema Informationssicherheit befassen möchten."
64,IT-Grundschutz-Kompendium – Werkzeug für Informationssicherheit - DER: Detektion und Reaktion,bs-it-gs-2023-der-detektion-und-reaktion,urn:intuitem:risk:framework:bs-it-gs-2023-der-detektion-und-reaktion,681,546,"Das IT-Grundschutz-Kompendium ist die grundlegende Veröffentlichung des IT-Grundschutzes. Zusammen mit den BSI-Standards bildet es die Basis für alle, die sich umfassend mit dem Thema Informationssicherheit befassen möchten."
65,IT-Grundschutz-Kompendium – Werkzeug für Informationssicherheit - IND: Industrielle IT,bs-it-gs-2023-ind-industrielle-it,urn:intuitem:risk:framework:bs-it-gs-2023-ind-industrielle-it,303,227,"Das IT-Grundschutz-Kompendium ist die grundlegende Veröffentlichung des IT-Grundschutzes. Zusammen mit den BSI-Standards bildet es die Basis für alle, die sich umfassend mit dem Thema Informationssicherheit befassen möchten."
66,IT-Grundschutz-Kompendium – Werkzeug für Informationssicherheit - INF: Infrastruktur,bs-it-gs-2023-inf-infrastruktur,urn:intuitem:risk:framework:bs-it-gs-2023-inf-infrastruktur,1158,927,"Das IT-Grundschutz-Kompendium ist die grundlegende Veröffentlichung des IT-Grundschutzes. Zusammen mit den BSI-Standards bildet es die Basis für alle, die sich umfassend mit dem Thema Informationssicherheit befassen möchten."
67,IT-Grundschutz-Kompendium – Werkzeug für Informationssicherheit - ISMS: Sicherheitsmanagement,bs-it-gs-2023-isms-sicherheitsmanagement,urn:intuitem:risk:framework:bs-it-gs-2023-isms-sicherheitsmanagement,101,84,"Das IT-Grundschutz-Kompendium ist die grundlegende Veröffentlichung des IT-Grundschutzes. Zusammen mit den BSI-Standards bildet es die Basis für alle, die sich umfassend mit dem Thema Informationssicherheit befassen möchten."
68,IT-Grundschutz-Kompendium – Werkzeug für Informationssicherheit - NET: Netze und Kommunikation,bs-it-gs-2023-net-netze-und-kommunikation,urn:intuitem:risk:framework:bs-it-gs-2023-net-netze-und-kommunikation,1130,892,"Das IT-Grundschutz-Kompendium ist die grundlegende Veröffentlichung des IT-Grundschutzes. Zusammen mit den BSI-Standards bildet es die Basis für alle, die sich umfassend mit dem Thema Informationssicherheit befassen möchten."
69,IT-Grundschutz-Kompendium – Werkzeug für Informationssicherheit - OPS: Betrieb,bs-it-gs-2023-ops-betrieb,urn:intuitem:risk:framework:bs-it-gs-2023-ops-betrieb,1297,1036,"Das IT-Grundschutz-Kompendium ist die grundlegende Veröffentlichung des IT-Grundschutzes. Zusammen mit den BSI-Standards bildet es die Basis für alle, die sich umfassend mit dem Thema Informationssicherheit befassen möchten."
70,IT-Grundschutz-Kompendium – Werkzeug für Informationssicherheit - ORP: Organisation und Personal,bs-it-gs-2023-orp-organisation-und-personal,urn:intuitem:risk:framework:bs-it-gs-2023-orp-organisation-und-personal,288,229,"Das IT-Grundschutz-Kompendium ist die grundlegende Veröffentlichung des IT-Grundschutzes. Zusammen mit den BSI-Standards bildet es die Basis für alle, die sich umfassend mit dem Thema Informationssicherheit befassen möchten."
71,IT-Grundschutz-Kompendium – Werkzeug für Informationssicherheit - SYS: IT-Systeme,bs-it-gs-2023-sys-it-systeme,urn:intuitem:risk:framework:bs-it-gs-2023-sys-it-systeme,2123,1638,"Das IT-Grundschutz-Kompendium ist die grundlegende Veröffentlichung des IT-Grundschutzes. Zusammen mit den BSI-Standards bildet es die Basis für alle, die sich umfassend mit dem Thema Informationssicherheit befassen möchten."
72,ITAR Compliance Program Guidelines,ITAR-Compliance-Program-Guidelines,urn:intuitem:risk:framework:itar-compliance-program-guidelines,666,514,"The guidelines contained in this document are intended to provide an overview of an effective compliance program and an introduction to defense trade controls, including information on the laws and regulations the U.S. Department of State, Bureau of Political-Military Affairs, Directorate of Defense Trade Controls (DDTC), administers. These defense trade controls are contained in the Arms Export Control Act (AECA) (22 U.S.C. § 2751 et seq.) as amended, and the International Traffic in Arms Regul"
73,ITIL 4 Management Practices,ITIL4,urn:intuitem:risk:framework:itil4,38,34,Référentiel complet des 34 pratiques de gestion d'ITIL 4 pour le management des services
74,ITS DORA incident reporting,ITS-DORA-incident-reporting,urn:intuitem:risk:framework:its-dora-incident-reporting,47,25,"Article 20 of DORA mandates the European Supervisory Authorities (ESAs) to develop through the Joint Committee and in consultation with the European Central Bank and European Union Agency for Cybersecurity, Draft Implementing Technical Standards (ITS) establishing the standard forms, templates and procedures for FEs to report a major ICT related incident or to notify a significant cyber threat.  Here is the link of the Second batch of policy products under DORA: https://www.eiopa.europa.eu/publi"
75,India DPDPA 2023,india-dpdpa-2023,urn:intuitem:risk:framework:india-dpdpa-2023,140,122,India Digital Personal Data Protection Act 2023
76,International standard ISO/IEC 27001:2013,ISO/IEC 27001:2013,urn:intuitem:risk:framework:iso27001-2013,200,140,"Information security, cybersecurity and privacy protection — Information security management systems — Requirements"
77,International standard ISO/IEC 27001:2022,ISO/IEC 27001:2022,urn:intuitem:risk:framework:iso27001-2022,140,123,"Information security, cybersecurity and privacy protection — Information security management systems — Requirements"
78,K ISMS-P Certification Standard Guide ,K ISMS-P,urn:intuitem:risk:framework:k_isms_p,1572,1443,Certification Standard Guide Information Security and Personal Information Protection Management System (ISMS-P)  The 'Personal information & Information Security Management System (ISMS-P)’ is an 'integrated certification system' that consolidated 'Personal Information Management System (PIMS) certification' and 'Information Security Management System (ISMS) certification'.  Here is the link of the document : https://isms-p.kisa.or.kr
79,LLM AI Cybersecurity & Governance Checklist,owasp-llm-checklist,urn:intuitem:risk:framework:owasp-llm-checklist,90,73,"This checklist is intended to help technology and business leaders quickly understand the risks and bene ts of using LLM, allowing them to focus on developing a comprehensive list of critical areas and tasks needed to defend and protect the organization as they develop a Large Language Model strategy."
80,Lietuvos Respublikos kibernetinio saugumo įstatymo reikalavimai subjektams,2024-19589,urn:ovidijusbalkauskas:risk:framework:kibernetinio-saugumo-istatymas,215,163,"Kibernetinio saugumo reikalavimai, dalis Lietuvos Respublikos kibernetinio saugumo įstatymo, įgaliančio TIS2 (NIS2) Lietuvos įstatymų bazėje"
81,Loi NIS-1 FR,NIS-1 FR,urn:intuitem:risk:framework:nis1-rules-fr,234,196,Arrêté du 14 septembre 2018 fixant les règles de sécurité et les délais mentionnés à l'article 10 du décret n° 2018-384 du 23 mai 2018 relatif à la sécurité des réseaux et systèmes d'information des opérateurs de services essentiels et des fournisseurs de service numérique https://www.legifrance.gouv.fr/loda/id/JORFTEXT000037444012/
82,Loi n° 05-20 relative à la cybersécurité,loi-05-20,urn:intuitem:risk:framework:loi-05-20,64,53,Loi n° 05-20 fixant le cadre législatif de la cybersécurité au Maroc
83,Microsoft cloud security benchmark,mcsb-v1,urn:intuitem:risk:framework:mcsb-v1,98,86,"The Microsoft cloud security benchmark provides prescriptive best practices and recommendations to help improve the security of workloads, data, and services on Azure and your multicloud environment. This benchmark focuses on cloud-centric security areas with input from a set of holistic Microsoft and industry security guidance"
84,Mindeststandard-des-BSI-zur-Nutzung-externer-Cloud-Dienste (Version 2.1),Mindeststandard-des-BSI-zur-Nutzung-externer-Cloud-Dienste,urn:intuitem:risk:framework:bsi-externer-cloud-dienste,107,88,Das Bundesamt für Sicherheit in der Informationstechnik (BSI) Mindeststandards (MST) für die Sicherheit der Informationstechnik des Bundes1 fest. Dies erfolgt auf der Grundlage des § 8 Absatz 1 BSIG im Benehmen mit den Ressorts. Als gesetzliche Vorgabe definieren Mindeststandards somit ein verbindliches Mindestniveau für die Informationssicherheit.  nach § 8 Absatz 1 Satz 1 BSIG – Version 2.1 vom 15.12.2022 Link : https://www.bsi.bund.de/SharedDocs/Downloads/DE/BSI/Mindeststandards/Mindeststanda
85,NCA Cloud Cybersecurity Controls (CCC),nca-cloud-cybersecurity-controls,urn:intuitem:risk:framework:nca-ccc-1,66,45,Saudi National Cybersecurity Authority framework for Cloud Cybersecurity Controls (CCC) applicable to Cloud Service Providers and Cloud Service Tenants
86,NIS 2 directive requirements,NIS2-directive,urn:intuitem:risk:framework:nis2-directive,17,13,Requirements from article 21 of directive 2022/2555 of the european parliament and of the council of 14 December 2022 on measures for a high common level of cybersecurity across the Union.
87,NIS2 - Annex to the Commission Implementing Regulation 2024/2690 with Technical Implementation Guidance by ENISA,annex-nis2-regulation--2024-2690-with-technical-implementation-guidance-by-enisa,urn:intuitem:risk:framework:annex-technical-and-methodological-requirements-nis2,439,351,"This framework is based on 2 documents :  1. ANNEX to the Commission Implementing Regulation laying down rules for the application of Directive (EU) 2022/2555 as regards technical and methodological requirements of cybersecurity risk-management measures and further specification of the cases in which an incident is considered to be significant with regard to DNS service providers, TLD name registries, cloud computing service providers, data centre service providers, content delivery network prov"
88,NIST AI RMF 1.0,NIST-AI-RMF-1.0,urn:intuitem:risk:framework:nist-ai-rmf-1.0,113,72,National Institute of Standards and Technology - Artificial Intelligence Risk Management Framework 
89,NIST CSF v1.1,NIST-CSF-1.1,urn:intuitem:risk:framework:nist-csf-1.1,136,108,NIST Cybersecurity Framework
90,NIST CSF v2.0,NIST-CSF-2.0,urn:intuitem:risk:framework:nist-csf-2.0,134,106,NIST Cybersecurity Framework
91,NIST PRIVACY FRAMEWORK 1.0,NIST-PRIVACY-1.0,urn:intuitem:risk:framework:nist-privacy-1.0,123,100,NIST Privacy Framework
92,NIST SP 800-171 Rev. 2,nist-800-171-rev2,urn:intuitem:risk:framework:nist-800-171-rev2,234,110,Protecting Controlled Unclassified Information in Nonfederal Systems and Organizations https://csrc.nist.gov/pubs/sp/800/171/r2/upd1/final
93,NIST SP 800-171 Rev. 3,nist-800-171-rev3,urn:intuitem:risk:framework:nist-800-171-rev3,116,97,Protecting Controlled Unclassified Information in Nonfederal Systems and Organizations https://csrc.nist.gov/pubs/sp/800/171/r3/final
94,NIST SP 800-53 revision 5,NIST-SP-800-53-rev5,urn:intuitem:risk:framework:nist-sp-800-53-rev5,1209,1189,National Institute of Standards and Technology - Special Publication 800-53 - Security and Privacy Controls for Information Systems and Organizations
95,NIST SP 800-82 Annex F,NIST-SP-800-82-Annex-F,urn:groupe-schmidt:risk:framework:nist-sp-800-82-annex-f,208,189,"OT overlay is a partial adaptation of controls and control baselines NIST SP 800-53, Rev. 5, and adds additional EO-specific guidance. The concept of overlay is discussed in Annex C of NIST SP-800-53B. OT overlay is intended to apply to all OT systems in all industrial sectors. Further adaptation can add specificity to a particular sector (e.g., pipeline, energy, etc.). Ultimately, an overlay can be for a specific system (e.g., Company XYZ). This superimposition of OT constitutes an additional o"
96,NIST SP-800-66 rev2 (HIPAA),nist-sp-800-66-rev2,urn:intuitem:risk:framework:nist-sp-800-66-rev2,179,152,"Implementing the Health Insurance Portability and Accountability Act (HIPAA) Security Rule: A Cybersecurity Resource Guide, 2.0.0 Source: https://csrc.nist.gov/Projects/cprt/catalog#/cprt/framework/version/SP800_66_2_0_0/home"
97,NOREA - DORA in Control Framework V3.0,NOREA-DORA-in-control,urn:intuitem:risk:framework:norea-dora-in-control,131,95,"The NOREA DORA in Control Framework is a practical tool designed to support organizations in their journey toward compliance with the Digital Operational Resilience Act (DORA). While this framework offers valuable guidance, it is important to note that the legal requirements set out in the DORA itself remain leading. Link: https://www.norea.nl/dora"
98,NY DFS 500 with 2023-11 amendments,DFS-500-2023-11,urn:intuitem:risk:framework:dfs-500-2023-11,247,165,"NEW YORK STATE DEPARTMENT OF FINANCIAL SERVICES SECOND AMENDMENT TO 23 NYCRR 500 CYBERSECURITY REQUIREMENTS FOR FINANCIAL SERVICES COMPANIES On November 1, 2023, DFS announced amendments to Cybersecurity Regulation, 23 NYCRR Part 500."
99,NZISM v3,NSIZM-v3,urn:defend:risk:framework:nzism-v3,5880,1425,New Zealand Information Security Manual v3
100,OWASP ASVS 4.0.3,OWASP-ASVS-4.0.3,urn:intuitem:risk:framework:owasp-asvs-4.0.3,361,278,OWASP Application Security Verification Standard 
101,OWASP ASVS 5.0.0,OWASP-ASVS-5.0.0,urn:owasp:risk:framework:owasp-asvs-5.0.0,442,345,OWASP Application Security Verification Standard
102,OWASP MASVS 2.1.0,owasp-masvs-v2.1.0,urn:intuitem:risk:framework:owasp-masvs-v2.1.0,32,24,OWASP Mobile Application Security Verification Standard v2.1.0
103,Operational Technology Cybersecurity Controls,OTCC,urn:intuitem:risk:framework:otcc,277,150,"The NCA publishes the Operational Technology Cybersecurity Controls (OTCC-1:2022). These controls are aligned with related international cybersecurity standards, frameworks, controls, and best practices. https://www.nca.gov.sa/otcc_en.pdf"
104,PART-IS.D.OR (Delegated Regulation (EU) 2022/1645),EASA-PART-IS.D.OR,urn:intuitem:risk:framework:part-is.d.or,145,129,"""COMMISSION DELEGATED REGULATION (EU) 2022/1645 of 14 July 2022 laying down rules for the application of Regulation (EU) 2018/1139 of the European Parliament and of the Council, as regards requirements for the management of information security risks with a potential impact on aviation safety for organisations covered by Commission Regulations (EU) No 748/2012 and (EU) No 139/2014 and amending Commission Regulations (EU) No 748/2012 and (EU) No 139/2014  Here is the link to the delegated regulat"
105,PGSSI-S v1.0,pgssi-s-1.0,urn:ackwa:risk:framework:pgssi-s-1.0,443,336,PGSSI-S - Canevas de PSSI
106,PSSI Etat,PSSI-E,urn:intuitem:risk:framework:pssie,302,183,Politique de sécurité des systèmes d'information de l'Etat
107,PSSI-MCAS v1.0,mcas-1.0,urn:ackwa:risk:framework:mcas-1.0,196,183,Politique de sécurité des systèmes d’information pour les ministères chargés des affaires sociales
108,PSSIE du Bénin,PSSIE-BENIN,urn:intuitem:risk:framework:pssie-benin,162,121,Politique de sécurité des systèmes d'information de l'Etat béninois. https://asin.bj/doc/44/download 
109,Payment Card Industry Data Security Standard (PCI-DSS) 4.0.1,PCI DSS 4.0.1,urn:intuitem:risk:framework:pcidss-4_0,373,351,"Payment Card Industry Data Security Standard: Requirements and Testing Procedures, v4.0.1 (June 2024) https://www.pcisecuritystandards.org/"
110,Points de contrôle Active Directory (AD),anssi-points-de-controle-active-directory,urn:intuitem:risk:framework:anssi-points-de-controle-active-directory,97,92,"L'annuaire Active Directory, centre névralgique de la sécurité des systèmes d'information Microsoft, est un élément critique permettant la gestion centralisée de comptes, de ressources et de permissions. L'obtention de privilèges élevés sur cet annuaire entraîne une prise de contrôle instantanée et complète de toutes les ressources ainsi administrées. L'analyse des modes opératoires des attaques récentes met en évidence une recrudescence du ciblage des annuaires Active Directory, compte tenu de "
111,Post-Quantum Cryptography (PQC) Migration Roadmap - May 2025,pqc-migration-roadmap,urn:intuitem:risk:framework:pqc-migration-roadmap,34,26,"The Post-Quantum Cryptography Coalition (PQCC) is a community of technologists, researchers, and expert practitioners with a mission to drive progress toward broader understanding and public adoption of post-quantum cryptography (PQC) and associated National Institute of Standards and Technology (NIST) standards. The PQCC emphasizes classical cryptosystems with quantum-safe security to enable information security in an era of cryptographically-relevant quantum computers."
112,Prestataires de Détection des Incidents de Sécurité (PDIS),PDIS,urn:intuitem:risk:framework:pdis,359,274,"Prestataires de détection des incidents de sécurité, référentiel d'exigences, version 2.0 du 21 12 2017 + Addendum N°42/ANSSI/SDE/NP du 27 JAN 2025"
113,Prestataires de services d’informatique en nuage (SecNumCloud) - référentiel d’exigences,SecNumCloud v3.2,urn:intuitem:risk:framework:secnumcloud-3.2,651,412,Premier ministre Agence nationale de la sécurité des systèmes d’information Prestataires de services d’informatique en nuage (SecNumCloud) référentiel d’exigences Version 3.2 du 8 mars 202
114,"Programme CaRE - Domaine 2 : Continuité et reprise d'activité, sauvegarde et restauration",CaRE-D2,urn:lulustucru-dsn:risk:framework:ans-care:d2,17,13,Référentiel d'audit du programme CaRE (Cybersécurité Accélération et Résilience des Établissements) - Domaine 2. Exigences publiées par l'Agence du Numérique en Santé (ANS).
115,Protective Security Policy Framework,PSPF,urn:intuitem:risk:framework:pspf,79,51,"The Protective Security Policy Framework (PSPF) helps Australian Government entities to protect their people, information and assets, both at home and overseas.  It sets out government protective security policy and supports entities to effectively implement the policy across the following outcomes:      security governance     information security     personnel security     physical security."
116,Prudential Standard CPS 230,cps-230,urn:intuitem:risk:framework:cps-230,64,49,"The aim of this Prudential Standard is to ensure that an APRA-regulated entity is resilient to operational risks and disruptions. An APRA-regulated entity must effectively manage its operational risks, maintain its critical operations through disruptions, and manage the risks arising from service providers. https://www.apra.gov.au/sites/default/files/2023-07/Prudential%20Standard%20CPS%20230%20Operational%20Risk%20Management%20-%20clean.pdf"
117,Prudential Standard CPS 234,cps-234,urn:intuitem:risk:framework:cps-234,33,24,This Prudential Standard aims to ensure that an APRA-regulated entity takes measures to be resilient against information security incidents (including cyber- attacks) by maintaining an information security capability commensurate with information security vulnerabilities and threats. https://www.apra.gov.au/sites/default/files/cps_234_july_2019_for_public_release.pdf
118,Public AirCyber Maturity Level Matrix,AirCyber-v1.5.2,urn:intuitem:risk:framework:aircyber-v1.5.2,221,221,"AirCyber is the AeroSpace and Defense official standard for Cybersecurity maturity evaluation and increase built by Airbus, Dassault Aviation, Safran and Thales to help the AeroSpace SupplyChain to be more resilient. Their joint venture BoostAeroSpace is offering this extract of the AirCyber maturity level matrix to provide further details on this standard, the questions and the AirCyber maturity levels they are associated to. AirCyber program uses this maturity level matrix as the base of the c"
119,RBI Master Direction 2023,india-rbi-itgrcap-2023,urn:intuitem:risk:framework:india-rbi-itgrcap-2023,182,135,"RBI Master Direction on Information Technology Governance, Risk, Controls and Assurance Practices, 2023"
120,RNSI-Algerie-2020, RNSI-Algerie-2020,urn:intuitem:risk:framework:rnsi-algerie-2020,630,502,"EKSEC est fier de contribuer à la CISO Assistant Community et à l’Algérie en intégrant le Référentiel National de Sécurité de l’Information (RNSI) de l'Algérie.  Le Référentiel National de Sécurité de l'Information (RNSI) 2020 est la deuxième version du cadre réglementaire de cybersécurité algérien, initialement établi en 2016 par le Ministère de la Poste, des Télécommunications, des Technologies et du Numérique (MPT Algérie). Cette version actualisée vise à renforcer et harmoniser la sécurité d"
121,RTS DORA incident reporting,RTS-DORA-incident-reporting_official,urn:intuitem:risk:framework:rts-dora-incident-reporting_official,77,59,"Commission Delegated Regulation (EU) 2025/301 of 23 October 2024 supplementing Regulation (EU) 2022/2554 of the European Parliament and of the Council with regard to regulatory technical standards specifying the content and time limits for the initial notification of, and intermediate and final report on, major ICT-related incidents, and the content of the voluntary notification for significant cyber threats  Lien : https://eur-lex.europa.eu/legal-content/EN/TXT/?uri=CELEX:32025R0301"
122,RTS DORA on JET,RTS-DORA-on-JET,urn:intuitem:risk:framework:rts-dora-on-jet,63,47,"Regulatory technical standard on the harmonisation of conditions enabling the conduct of the oversight activities under Article 41(1)(c) of Regulation (EU) 2022/2554.  The draft RTS shall specify, the criteria for determining the composition of the joint examination team, their designation, tasks, and working arrangements.   Here is the link of the Second batch of policy products under DORA: https://www.eiopa.europa.eu/publications/second-batch-policy-products-under-dora_en  Here is the link of "
123,RTS DORA on harmonisation of conditions enabling the conduct of the oversight activities,RTS-DORA-OVS-conduct,urn:intuitem:risk:framework:rts-dora-ovs-conduct,109,78,One of the objectives of Regulation (EU) 2022/2554 on digital operational resilience for the financial sector (DORA) is to harmonise the conditions enabling the oversight activities and create a new oversight framework for the oversight of critical third party service providers in Europe.  Here is the link of the Second batch of policy products under DORA: https://www.eiopa.europa.eu/publications/second-batch-policy-products-under-dora_en  Here is the link of the document : https://www.eiopa.eur
124,RTS DORA threat led penetration tests,RTS-DORA-TLPT,urn:intuitem:risk:framework:rts-dora-threat-led-penetration-tests,388,295,"Regulation (EU) 2022/2554 of the European Parliament and of the Council of 14 December 2022 on digital operational resilience for the financial sector and amending Regulations (EC) No 1060/2009, (EU) No 648/2012, (EU) No 600/2014, (EU) No 909/2014 and (EU) 2016/1011 (hereinafter ‘DORA’) under its Article 26(11), tasks the ESAs, ‘in agreement with the ECB’ to develop draft regulatory technical standards (‘RTS’) ‘in accordance with the TIBER-EU framework’ to specify further the criteria used for i"
125,RTS on ICT risk management framework and on simplified ICT risk management framework,RTS-DORA-ICT-risk-management,urn:intuitem:risk:framework:rts-dora-ict-risk-management,618,554,"One of the objectives of Regulation (EU) 2022/2554 on digital operational resilience for the financial sector (DORA) is to set out uniform requirements for the security of network and information systems of companies and organisations operating in the financial sector. It thus creates a regulatory framework on digital operational resilience, whereby all financial entities need to make sure they can withstand, respond to, and recover from all types of ICT-related disruptions and threats. These re"
126,RTS on criteria for the classification of ICT-related incidents,RTS-DORA-ICT-related-incidents,urn:intuitem:risk:framework:rts-dora-ict-related-incidents,105,81,"One of the objectives of Regulation (EU) 2022/2554 on digital operational resilience for the financial sector (DORA) is to harmonise and streamline the ICT-related incident reporting regime for financial entities (FEs) in the EU. To that end, DORA introduces consistent requirements for FEs on management, classification and reporting of ICT-related incidents."
127,RTS to specify the policy on ICT services supporting critical or important functions provided by ICT third-party service providers (TPPs),RTS-DORA-ICTservices-supporting,urn:intuitem:risk:framework:rts-dora-ictservices-supporting,106,94,"These RTS specify parts of the governance arrangements, risk management and internal control framework that financial entities should have in place regarding the use of ICT third-party service providers. They aim to ensure financial entities remain in control of their operational risks, information security and business continuity throughout the life cycle of contractual arrangements with such ICT third-party service providers."
128,Recommandations de sécurité pour l'architecture d'un système de journalisation,ANSSI-REC-JOURNALISATION,urn:protocolpaladin:risk:framework:anssi-recommandations-securite-architecture-systeme-journalisation,65,36,"Cette note technique détaille les prérequis nécessaires à la mise en œuvre d’un système de journalisation efficace et sécurisé et présente les bonnes pratiques permettant de bâtir une architecture de gestion de journaux pérenne, quelle que soit la nature du système d’information (SI bureautique, SI industriel, SI classifié...)."
129,Recommandations de sécurité relatives à IPsec  pour la protection des flux réseau,ANSSI-REC-SECU-IPSEC,urn:protocolpaladin:risk:framework:anssi-rec-secu-ipsec,31,16,"Version: 1.1 du 03/08/2015  Les systèmes d’information adoptent généralement aujourd’hui une architecture distribuée. Les différentes briques logicielles et matérielles qui les composent sont de plus en plus communicantes, non seulement entre elles, mais également avec des systèmes d’information distants et à travers l’Internet.  La montée en puissance de l’informatique en nuage et de l’externalisation ne font qu’accélérer cette tendance. Tout comme ces différentes briques peuvent être critiques"
130,Recommandations de sécurité relatives à TLS,ANSSI-REC-TLS,urn:protocolpaladin:risk:framework:anssi-recommandations-securite-relatives-tls,56,45,"Ce guide a pour objectif de présenter les bonnes pratiques relatives au protocole TLS.   Il s’adresse à tous les publics qui souhaitent se familiariser ou interagir avec le protocole TLS : responsables de la sécurité des systèmes d’information, administrateurs d’organismes de toutes tailles, ou encore développeurs de solutions souhaitant sécuriser des échanges d’information par l’intermédiaire de TLS."
131,Recommandations de sécurité relatives à un système GNU-Linux,ANSSI-REC-LINUX,urn:protocolpaladin:risk:framework:anssi-recommandations-configuration-systeme-gnu-linux,122,80,Renforcer la sécurité d’un système GNU-Linux
132,Recommandations pour la protection des systèmes d’information essentiels,ANSSI-REC-SIE,urn:protocolpaladin:risk:framework:anssi-recommandations-pour-la-protection-des-sie,144,79,"La directive Network and Information System Security a été adoptée par les institutions européennes en 2016 et transposée en droit français en 2018. Elle crée notamment l'obligation pour les opérateurs de services essentiels de mettre en œuvre des règles de sécurité dans les domaines de la gouvernance, de la protection, de la défense et de la résilience des réseaux et systèmes d'information. Ce guide a pour objectif d'accompagner la mise en œuvre technique des règles 7 à 16, c'est-à-dire celles "
133,Recommandations pour un usage sécurisé d’(Open)SSH,ANSSI-REC-SECU-SSH,urn:protocolpaladin:risk:framework:anssi-rec-secu-ssh,76,47,"Version: 1.3 du 17/08/2015  Usage sécurisé d’(Open)SSH  Couramment utilisé pour l’administration distante, le transfert de fichiers, les redirections et encapsulations de flux sensibles, OpenSSH est devenu un élément incontournable d’un grand nombre de systèmes d’information.  Il est donc vital d’en maîtriser sa configuration, de durcir son installation et d’appliquer des règles d’hygiène strictes pour son exploitation. Tout cela se traduit par les recommandations présentées dans ce document.  C"
134,Recommandations relatives à l'administration sécurisée des systèmes d'information,anssi-guide-admin-securisee-si,urn:intuitem:risk:framework:anssi-guide-admin-securisee-si,88,77,L’administration d’un SI se traduit par un ensemble de mesures techniques et non techniques visant entre autres à maintenir le SI en condition opérationnelle et de sécurité et à gérer des changements mineurs ou des évolutions majeures - https://cyber.gouv.fr/publications/recommandations-relatives-ladministration-securisee-des-si
135,Recommandations relatives à l'interconnexion d'un système d'information à internet,ANSSI-REC-INTERCO-SI-INTERNET,urn:protocolpaladin:risk:framework:anssi-rec-secu-interco-si-internet,111,70,Version: 3.0 du 19/06/2020  L’ANSSI a rédigé un guide présentant les différents principes qui permettent de définir l’architecture d’une passerelle d’interconnexion sécurisée en axant les recommandations sur l'interconnexion à Internet qui représente un cas d'usage très fréquent. Il s’adresse en priorité aux architectes et administrateurs réseau. Des connaissances basiques en matière d’architecture réseau sont nécessaires pour appréhender certains des concepts présentés. Ce document décrit un en
136,Recommandations sur la sécurisation des systèmes de contrôle d'accès physique et de vidéoprotection,ANSSI-REC-SECU-SYS-CTRL-PHYS-VDP,urn:protocolpaladin:risk:framework:anssi-rec-secu-sys-ctrl-acces-phys-videoprot,216,128,"Ce guide développe les aspects d’architecture et de sécurité logique propres aux systèmes de contrôle d’accès utilisant des technologies sans contact, et aux systèmes de vidéoprotection.  https://cyber.gouv.fr/sites/default/files/document/Recommandations%20sur%20la%20s%C3%A9curisation%20des%20syst%C3%A8mes%20de%20contr%C3%B4le%20d%27acc%C3%A8s%20physique%20et%20vid%C3%A9oprotection%20-%20v2.1.pdf"
137,Recommandations sur les architectures des systèmes d'information sensibles ou Diffusion Restreinte,anssi-architectures-si-sensibles-dr,urn:intuitem:risk:framework:anssi-architectures-si-sensibles-dr,84,78,Outil d'aide et de suivi d'implémentation de la sécurité (OASIS) Recommandations sur les architectures des systèmes d'information sensibles ou Diffusion Restreinte https://cyber.gouv.fr/publications/recommandations-pour-les-architectures-des-si-sensibles-ou-dr
138,Règles OIV,LPM-OIV-2019,urn:intuitem:risk:framework:lpm-oiv-2019,181,153," RÈGLES DE SÉCURITÉ RELATIVES AU SECTEUR D'ACTIVITÉS D'IMPORTANCE VITALE "" ACTIVITÉS CIVILES DE L'ÉTAT "" Arrêté du 29 mai 2019 fixant les règles de sécurité et les modalités de déclaration des systèmes d'information d'importance vitale et des incidents de sécurité relatives au secteur d'activités d'importance vitale « Activités civiles de l'Etat » et pris en application des articles R. 1332-41-1, R. 1332-41-2 et R. 1332-41-10 du code de la défense https://www.legifrance.gouv.fr/jorf/id/JORFTEXT0"
139,Référentiel Général de Sécurité 2.0 - Annexe B2,ANSSI-RGS-ANNEXE-B2,urn:protocolpaladin:risk:framework:anssi-referentiel-general-de-securite-annexe-b2,83,48,"Gestion des clés cryptographiques Règles et recommandations concernant la gestion des clés utilisées dans les mécanismes cryptographiques  Ce document traite des règles et recommandations concernant la gestion des clés utilisées dans les mécanismes cryptographiques. Il complète le document « Mécanismes cryptographiques – Règles et recommandations concernant le choix et le dimensionnement des mécanismes cryptographiques » qui constitue l’annexe B1 du RGS 1, notamment ses paragraphes « 2.5 Gestion"
140,Référentiel Général de Sécurité version 2.0,RGS-v2.0,urn:intuitem:risk:framework:rgs-v2.0,272,202,Référentiel Général de Sécurité version 2.0 selon l'Arrêté du 13 juin 2014 portant approbation du référentiel général de sécurité et précisant les modalités de mise en œuvre de la procédure de validation des certificats électroniques https://www.legifrance.gouv.fr/loda/id/JORFTEXT000029122964
141,Référentiel d’Audit de la Sécurité des Systèmes d’Information (ANCS Tunisie) ,Réferentiel-audit-SSI-ANCS-Tunisie,urn:intuitem:risk:framework:referentiel-audit-ssi-ancs-tunisie,190,93,"Le présent document détaille les critères par rapport auxquels l’audit est réalisé conformément aux exigences du décret-loi 2023-17, à l’arrêté du ministre des technologies de la communication du 12 Septembre 2023, fixant les critères techniques d'audit et les modalités de suivi de la mise en œuvre des recommandations contenues dans le rapport d'audit, et à l’arrêté du ministre des technologies de la communication et de l'économie numérique et du ministre du développement, de l’investissement et"
142,SAMA Cyber Security Fundamentals ,SAMA-CSF-1.0,urn:intuitem:risk:framework:sama-csf-1.0,290,250,SAMA Cyber Security Fundamentals 
143,SCF: Secure Controls Framework (2024.2),SCF-2024-2,urn:intuitem:risk:framework:scf-2024-2,1269,1234,SCF: Secure Controls Framework https://securecontrolsframework.com/about-us/
144,SCF: Secure Controls Framework (2025.2.2),scf-2025.2.2,urn:intuitem:risk:framework:scf-2025.2.2,1375,1341,SCF: Secure Controls Framework https://securecontrolsframework.com/about-us/
145,SOC2-2017 Trust Services Criteria ,SOC2-2017,urn:intuitem:risk:framework:soc2-2017,371,358,a+B13
146,SOC2-2017 Trust Services Criteria (revision 2022),SOC2-2017-Rev-2022,urn:intuitem:risk:framework:soc2-2017-rev-2022,375,301,"TSP Section 100 2017 Trust Services Criteria for Security, Availability, Processing Integrity, Confidentiality, and Privacy (with Revised Points of Focus – 2022)  TSC presents control criteria established by the AICPA’s Assurance Services Executive Committee (ASEC) for use in attestation or consulting engagements to evaluate and report on controls over the security, availability, processing integrity, confidentiality, or privacy of information and systems used to provide products or services (a)"
147,Saudi Personal Data Protection Law (PDPL),nca-pdpl,urn:intuitem:risk:framework:nca-pdpl-1,64,40,"Saudi Arabia's Personal Data Protection Law (PDPL) framework covering data protection principles, rights of data subjects, obligations of data controllers, and data transfer requirements"
148,SecNumCloud v3.2 Annexe 2 : recommandations aux commanditaires,SecNumCloud v3.2-A2,urn:intuitem:risk:framework:secnumcloud-3.2-annexe-2,15,13,Premier ministre Agence nationale de la sécurité des systèmes d’information Prestataires de services d’informatique en nuage (SecNumCloud) référentiel d’exigences Version 3.2 du 8 mars 2022 Annexe 2 : recommandations aux commanditaires
149,Secure Software Development Framework (SSDF),nist-ssdf-1.1,urn:intuitem:risk:framework:nist-ssdf-1.1,107,42,"The Secure Software Development Framework (SSDF), SP 800-218, is a set of fundamental, sound, and secure software development practices based on established secure software development practice documents from organizations such as BSA, OWASP, and SAFECode"
150,Standards for Safeguarding Customer Information,Standards-for-Safeguarding-Customer-Information,urn:intuitem:risk:library:standards-for-safeguarding-customer-information,191,63,"The Federal Trade Commission (“FTC” or “Commission”) is issuing a final rule (“Final Rule”) to amend the Standards for Safeguarding Customer Information (“Safeguards Rule” or “Rule”). The Final Rule contains five main modifications to the existing Rule. First, it adds provisions designed to provide covered financial institutions with more guidance on how to develop and implement specific aspects of an overall information security program, such as access controls, authentication, and encryption. "
151,Swift Customer Security Controls Framework v2025,swift-cscf-v2025,urn:intuitem:risk:framework:swift-cscf-v2025,52,42,Swift Customer Security Controls Framework v2025 - outline
152,TIBER-EU FRAMEWORK,TIBER-EU-2018,urn:intuitem:risk:framework:tiber-eu-2018,70,36,How to implement the European framework for Threat Intelligence-based Ethical Red Teaming
153,Trusted Information Security Assessment Exchange,TISAX v6.0.2,urn:intuitem:risk:framework:tisax-v6.0.2,294,169,"ISA provides the basis for - a self-assessment to determine the state of information security in an organization (e.g. company) - audits performed by internal departments (e.g. Internal Audit, Information Security) - TISAXⓇ Assessments (Trusted Information Security Assessment Exchange, https://enx.com/tisax/) Source: https://portal.enx.com/isa6-en.xlsx "
154,Trusted Information Security Assessment Exchange,TISAX v5.1,urn:intuitem:risk:framework:tisax-v5.1,230,134,"VDA ISA provides the basis for - a self-assessment to determine the state of information security in an organization (e.g. company) - audits performed by internal departments (e.g. Internal Audit, Information Security) - a review in accordance with TISAX (Trusted Information Security Assessment Exchange, http://enx.com/tisax/) Source: https://portal.enx.com/isa5-en.xlsx "
155,VENDOR SUPPLY CHAIN RISK MANAGEMENT (SCRM) TEMPLATE,cisa-scrm,urn:intuitem:risk:framework:cisa-scrm,286,256,"The following document is the result of a collaborative effort produced by the Cybersecurity and Infrastructure Security Agency (CISA) Information and Communications Technology (ICT) Supply Chain Risk Management (SCRM) Task Force, Working Group 4 (hereinafter WG4), aimed at creating a standardized template of questions as a means to communicate ICT supply chain risk posture in a consistent way among public and private organizations of all sizes. The purpose of this assessment template is to norm"
156,Vehicle CyberSecurity Audit (VCSA) v1.1,vcsa-v1.1,urn:intuitem:risk:framework:vcsa-v1.1,145,112,"The VCSA serves as the basis for  - a self assessment to determine the state of vehicle cybersecurity within the organization (e.g. company) - audits performed by internal departments (e.g. Internal Audit, Quality Management, Information Security, Cybersecurity) - an audit in accordance with ENX 3rd party audit management framework Source: https://enx.com/en-US/VCS/downloads/"
157,Vendor Due Diligence - simple,vendor-due-diligence,urn:intuitem:risk:framework:vendor-due-diligence,55,46,Simple framework for rapid due diligence review of vendors
158,[ITSP.10.171] Protection de l’information désignée dans les organisations et les systèmes ne relevant pas du gouvernement du Canada - Exigences,ITSP.10.171,urn:intuitem:risk:framework:itsp.10.171,498,267,La protection de l’information désignée revêt une importance capitale pour les ministères et organismes du gouvernement du Canada (GC) et peut avoir une incidence directe sur la capacité du GC de réaliser ses missions et ses fonctions essentielles avec succès. Cette publication offre aux ministères et aux organismes du GC des exigences de sécurité recommandées afin de protéger la confidentialité de l’information désignée se trouvant dans des organisations et des systèmes ne relevant pas du GC. C
